{
  "account": "",
  "sm_version": "11.0.0",
  "navOptions": "mainnavtop",
  "subnavOptions": "subnavpagetop",
  "color0": "#0099cc",
  "color1": "#b9d233",
  "tagline": "<div class=\"ssoverlay\">Smiles for a <span class=\"trait\">lifetime</span></div>",
  "gacode": null,
  "formData": [
    {
      "name": "Content",
      "content_layout_style": "content",
      "slideshow_layout_style": null,
      "spotlight_layout_style": null,
      "services_layout_style": null,
      "testimonial_rotator_layout_style": null,
      "spotlight_flip_layout_style": null,
      "assn_logo_layout_style": null
    }
  ]
}
